{"cameraMode":{"drawMode":0,"name":"Shaded","section":"Shading Mode"},"sceneLighting":false,"audioPlay":false,"sceneViewState":{"m_AlwaysRefresh":false,"showFog":true,"showSkybox":false,"showFlares":true,"showImageEffects":true,"showParticleSystems":true,"showVisualEffectGraphs":true,"m_FxEnabled":true},"in2DMode":false,"pivot":{"x":1.888669490814209,"y":0.43294644355773928,"z":3.4457778930664064},"rotation":{"x":-0.12432459741830826,"y":0.7623171210289002,"z":-0.15478277206420899,"w":-0.6163915991783142},"size":0.16735409200191499,"orthographic":false}