{"cameraMode":{"drawMode":0,"name":"Shaded","section":"Shading Mode"},"sceneLighting":false,"audioPlay":false,"sceneViewState":{"m_AlwaysRefresh":false,"showFog":true,"showSkybox":false,"showFlares":true,"showImageEffects":true,"showParticleSystems":true,"showVisualEffectGraphs":true,"m_FxEnabled":true},"in2DMode":false,"pivot":{"x":-0.7816869020462036,"y":0.7990142107009888,"z":0.5582489967346191},"rotation":{"x":-0.0006230476428754628,"y":-0.995360791683197,"z":0.09857890754938126,"w":-0.0014368703123182059},"size":1.7516025304794312,"orthographic":false}